title,company,location,link
(Senior) Web/Mobile Developer (m/w/d),Lotum GmbH,"Frankfurt am Main, Deutschland",https://stackoverflow.com/jobs/372988
Software Developer (m/w/d) Fullstack Frontend Backend - Hamburg - #loveyourwork,Just Software AG,"Hamburg, Deutschland",https://stackoverflow.com/jobs/265437
"Backend Entwickler (m/w/d) mit Spring Boot, Java 8, AWS und Docker gesucht",Bolinda Labs GmbH,"Darmstadt, Germany",https://stackoverflow.com/jobs/264821
Web Entwickler (m/w/d) mit React und Spring Boot als Verstärkung gesucht,Bolinda Labs GmbH,"Darmstadt, Germany",https://stackoverflow.com/jobs/252224
Full Stack Developer & Data Engineer (m/w/d),Lotum GmbH,"Frankfurt am Main, Deutschland",https://stackoverflow.com/jobs/372993
Full Stack Developer Mobile Gaming (m/w/d),Lotum GmbH,"Bad Nauheim, Deutschland",https://stackoverflow.com/jobs/372990
Full Stack Lead Developer (m/w/d),Deutsche Leasing AG,"Bad Homburg vor der Höhe, Deutschland",https://stackoverflow.com/jobs/406842
Systemanalytiker (m/w/d) IT R&D/Production,Eppendorf AG,"Hamburg, Deutschland",https://stackoverflow.com/jobs/406261
Softwareentwickler/-in für Routenoptimierung,Betterbits GmbH & Co. KG,"Darmstadt, Deutschland",https://stackoverflow.com/jobs/291829
Développeur TypeScript / Scala (H/F),ORC Communications for CarBoat Media,"Paris, France",https://stackoverflow.com/jobs/406179
PG・SE・NE/インターネット/Webサービス・ASP,株式会社 ビーム,"Okayama, Japan",https://stackoverflow.com/jobs/402815
Architecte Front-End / React,Mirakl,"Paris, France",https://stackoverflow.com/jobs/387180
Python Developer Test (m/w/d),1&1 IONOS SE,"Berlin, Deutschland",https://stackoverflow.com/jobs/405856
Ingénieur DevOps / SRE Senior,Mirakl,"Bordeaux, France",https://stackoverflow.com/jobs/335852
Junior bis Senior Java-EE Entwickler (m/w/d) mit Spaß am Teamwork,SCT GmbH Supply Chain Technologies,"Herzogenrath, Deutschland",https://stackoverflow.com/jobs/282845
"Software Developer – Research Tooling (w/m/d) - Köln, Paderborn oder remote",DeepL GmbH,"Köln, Deutschland",https://stackoverflow.com/jobs/394896
エンジニア,株式会社I-ne,"Osaka, Japan",https://stackoverflow.com/jobs/414548
Full Stack Web Developer,Spiria Digital,"Gatineau, QC, Canada",https://stackoverflow.com/jobs/367340
"Full Stack Entwickler mit Schwerpunkt C#, .NET, Javascript",The Project Group Informationstechnologie GmbH,"München, Deutschland",https://stackoverflow.com/jobs/297934
Développeur Full-Stack H/F – CDI – Paris,SkillValue,"Paris, France",https://stackoverflow.com/jobs/394205
Database Specialist (gn),4Com GmbH & Co. KG,"Hannover, Deutschland",https://stackoverflow.com/jobs/365951
PHP Developer,REBEL Recruiting UG (haftungsbeschränkt)viaREBEL Recruiting UG (haftungsbeschränkt),"Frechen, Deutschland",https://stackoverflow.com/jobs/391832
CTO (m/w/d),Pop Rocket Labs GmbH,"Hamburg, Deutschland",https://stackoverflow.com/jobs/413413
Softwareentwickler IT.NET ERP-System (m/w/d),WAREMA Renkhoff SE,"Marktheidenfeld, Deutschland",https://stackoverflow.com/jobs/412783
Senior Full-Stack Engineer (Multiple Locations),"Mastery Logistics Systems, Inc.","Chicago, IL",https://stackoverflow.com/jobs/373861
Développeur .NET,albelli,"Nanteuil-le-Haudouin, France",https://stackoverflow.com/jobs/372788
Critical Facility Engineer,Facebook,"Papillion, NE",https://stackoverflow.com/jobs/411869
"Programador backend senior, Madrid",Afterbanks,"Madrid, Spain",https://stackoverflow.com/jobs/392603
Softwareentwickler (w/m/d) Financial Solutions,zeb.it,"Münster, Deutschland",https://stackoverflow.com/jobs/173051
フロントエンドエンジニア【大阪】【コミュニケーション戦略部】,株式会社I-ne,"Osaka, Japan",https://stackoverflow.com/jobs/411199
Développeur Java Fullstack (H/F) 80-100%,Softcom Technologies SA,"Lausanne, Switzerland",https://stackoverflow.com/jobs/349980
Spiffy Combination of Release/Process/QAEngineer/Opportunity for more,Dorsata,No office location,https://stackoverflow.com/jobs/314986
Software Support Engineer (m/w/d),AKDB Anstalt für kommunale Datenverarbeitung in Bayern,"München, Deutschland",https://stackoverflow.com/jobs/410696
Projektmanager (m/w/d) Datenmanagement B2B,SCHUFA Holding AG,"Wiesbaden, Deutschland",https://stackoverflow.com/jobs/399723
Unity-Entwickler/-in für innovative 2D/3D User Interfaces,interactive scape GmbH,"Berlin, Deutschland",https://stackoverflow.com/jobs/289164
Softwareentwickler/-in für innovative Multitouch User Interfaces,interactive scape GmbH,"Berlin, Deutschland",https://stackoverflow.com/jobs/206857
"Dev web fullstack C# (Asp.net, Typescript), pour sauver des vies !",Deeplink Medical,"Lyon, France",https://stackoverflow.com/jobs/362130
Data Engineer (H/F),Publicis Sapient Engineering,"Paris, France",https://stackoverflow.com/jobs/372769
Gruppenleiter (m/w/d) für den Bereich Big Data / Machine Learning – Schwerpunkt,Generali Deutschland Informatik Services GmbH,"Aachen, Deutschland",https://stackoverflow.com/jobs/399418
"Développeuse / Développeur Full Stack (Java, Angular) - Paris",Zenika,"Paris, France",https://stackoverflow.com/jobs/352667
Technical Consultant (w/*/m),queo GmbH,"Dresden, Deutschland",https://stackoverflow.com/jobs/399164
Ingénieur(e) Infra / DevOps / SRE (H/F),Deeplink Medical,"Lyon, France",https://stackoverflow.com/jobs/372316
Ingénieur Cyber Sécurité,Synechron Technology,"Lausanne, Switzerland",https://stackoverflow.com/jobs/409575
Développeur Java fullstack,Mirakl,"Paris, France",https://stackoverflow.com/jobs/335854
Architecte logiciel,Mirakl,"Paris, France",https://stackoverflow.com/jobs/335851
Architecte de Solutions - Orienté Livraison,HaysviaHays plc,"Montreal, QC, Canada",https://stackoverflow.com/jobs/398165
Consultante / Consultant DevOps / Cloud - Lyon,Zenika,"Lyon, France",https://stackoverflow.com/jobs/352628
Software Developer (gn) Fullstack PHP,4Com GmbH & Co. KG,"Hannover, Deutschland",https://stackoverflow.com/jobs/397820
"Werksstudent Web Entwickler (m/w/d) mit React, HTML, Javascript",Bolinda Labs GmbH,"Darmstadt, Germany",https://stackoverflow.com/jobs/396057
Développeur / Développeuse Java à Lille,Zenika,"Lille, France",https://stackoverflow.com/jobs/359535
Senior SQL Server DBA (Operational DBA),"ACI Worldwide, Inc.","Norcross, GA",https://stackoverflow.com/jobs/397042
Software Engineer m/w/d Business Intelligence,RWE Supply & Trading GmbH,"Essen, Deutschland",https://stackoverflow.com/jobs/408819
Senior Java Software Engineer,Smals,"Brussels Hoofdstedelijk Gewest, Belgium",https://stackoverflow.com/jobs/331345
Senior Consultant (M/W/D) OneSumX im Bereich Risk Management,ADWEKO Consulting GmbH,"Walldorf, Deutschland",https://stackoverflow.com/jobs/408783
Développeuse / Développeur Full Stack (JavaScript) - Paris,Zenika,"Paris, France",https://stackoverflow.com/jobs/371046
Développeuse / Développeur Back-end (Java) - Paris,Zenika,"Paris, France",https://stackoverflow.com/jobs/371045
Webentwickler (m/w/d) im Raum München,enowa AG,"München, Deutschland",https://stackoverflow.com/jobs/370737
PHP-Entwickler (m/w/d),Timme Hosting GmbH & Co. KG,"Lüneburg, Deutschland",https://stackoverflow.com/jobs/302058
"Linux-Systemadministrator (m/w/d), Fachinformatiker (m/w/d)",Timme Hosting GmbH & Co. KG,"Lüneburg, Deutschland",https://stackoverflow.com/jobs/302056
iOS Entwickler (m/w/d) mit ObjC und Swift Erfahrung als Verstärkung gesucht,Bolinda Labs GmbH,"Darmstadt, Germany",https://stackoverflow.com/jobs/378886
Senior Software Engineer (F/H/X),Doctolib,"Levallois-Perret, France",https://stackoverflow.com/jobs/407486
Senior Fullstack-Entwickler (w/m/d) am Standort Berlin,Hochfrequenz Unternehmensberatung GmbH,"Berlin, Deutschland",https://stackoverflow.com/jobs/358244
.Net Developer,Smals,"Brussels Hoofdstedelijk Gewest, Belgium",https://stackoverflow.com/jobs/407422
